{
	"Net": {
		"0": {
			"test_loss": 0.40800738822482524,
			"test_acc": 0.8804999999999921,
			"val_losses": [
				2.1220523437857626,
				1.8627676934997242,
				1.4860903403162957,
				1.0875075587878624,
				0.8799470242361228,
				0.8017830728615324,
				0.6712352814897895,
				0.6514760669569174,
				0.6096595100189248,
				0.5793569306532542,
				0.5545350585753719,
				0.5428593614107619,
				0.535161821745957,
				0.5316275141046692,
				0.5271660224363829,
				0.5267584508176272,
				0.4846494113715986,
				0.5466903031896799,
				0.4947202636425694,
				0.44384078453993425
			],
			"val_accs": [
				0.4159166666666664,
				0.5074999999999996,
				0.6297500000000024,
				0.6961666666666677,
				0.7267499999999991,
				0.7515833333333322,
				0.8083333333333291,
				0.8040833333333288,
				0.8201666666666605,
				0.8394999999999937,
				0.8376666666666595,
				0.8378333333333252,
				0.8426666666666595,
				0.8403333333333265,
				0.8414999999999921,
				0.8409166666666595,
				0.8516666666666598,
				0.837999999999993,
				0.848249999999991,
				0.8648333333333253
			]
		},
		"0.1": {
			"test_loss": 0.28700433428771793,
			"test_acc": 0.9172999999999929,
			"val_losses": [
				0.42514650780397156,
				0.41480784985702485,
				0.3992678321967833,
				0.38498288674900927,
				0.37872754779644313,
				0.36750730602963205,
				0.3604802503134124,
				0.35752493630667836,
				0.3512669151773055,
				0.3471350924131305,
				0.34370653570474435,
				0.34380448263293756,
				0.3442762899833421,
				0.339325165428066,
				0.3326506893352295,
				0.3290127037426767,
				0.3305509316994964,
				0.32459967893587116,
				0.3227829445754954,
				0.3203623369025687
			],
			"val_accs": [
				0.8732499999999926,
				0.8780833333333258,
				0.8812499999999928,
				0.8849999999999928,
				0.8870833333333263,
				0.8912499999999935,
				0.8939166666666603,
				0.8952499999999941,
				0.8949999999999938,
				0.8965833333333261,
				0.8974166666666605,
				0.9000833333333268,
				0.8979166666666598,
				0.9023333333333263,
				0.9030833333333279,
				0.9034166666666611,
				0.9016666666666587,
				0.9037499999999934,
				0.9059166666666613,
				0.9062499999999936
			]
		},
		"0.2": {
			"test_loss": 0.259476671612123,
			"test_acc": 0.9267999999999925,
			"val_losses": [
				0.3212316249322612,
				0.3171731369494228,
				0.313836005286236,
				0.3119759454485029,
				0.31198289313014055,
				0.3141892136640187,
				0.30926847949430036,
				0.3086998235182061,
				0.30672559115317805,
				0.30634317944951667,
				0.3033338959994338,
				0.3019781363619647,
				0.3022570839889037,
				0.3011806082970967,
				0.29779819421004505,
				0.29730180599746137,
				0.29579349849528325,
				0.29396378139363755,
				0.29277693731884935,
				0.29071032168033223
			],
			"val_accs": [
				0.9047499999999931,
				0.9066666666666602,
				0.90816666666666,
				0.908833333333327,
				0.9071666666666606,
				0.9064166666666593,
				0.9106666666666607,
				0.908916666666661,
				0.9106666666666607,
				0.910416666666661,
				0.9124166666666601,
				0.9131666666666606,
				0.9129999999999937,
				0.913583333333328,
				0.9139166666666619,
				0.913083333333328,
				0.9147499999999934,
				0.9147499999999928,
				0.9142499999999948,
				0.9149166666666613
			]
		},
		"0.5": {
			"test_loss": 0.24308124828035943,
			"test_acc": 0.9308999999999927,
			"val_losses": [
				0.2894355111392603,
				0.28827968904050066,
				0.2880387664263253,
				0.2871231434109116,
				0.28613406492882254,
				0.28528356440452624,
				0.28376470858531927,
				0.2829751587981203,
				0.2824938759201905,
				0.2813312605811128,
				0.2811227227409836,
				0.28022278809852047,
				0.27878742076893104,
				0.2779319844668498,
				0.2777635203349443,
				0.27685656180721707,
				0.2763559142347852,
				0.275721315399472,
				0.2758193507630494,
				0.2752112502818151
			],
			"val_accs": [
				0.9151666666666614,
				0.9153333333333276,
				0.9158333333333278,
				0.9161666666666602,
				0.9169166666666612,
				0.9178333333333287,
				0.9179999999999944,
				0.9177499999999941,
				0.9184999999999943,
				0.918083333333328,
				0.918999999999995,
				0.919499999999994,
				0.9192499999999937,
				0.9201666666666616,
				0.9222499999999944,
				0.9209166666666618,
				0.921666666666662,
				0.9216666666666617,
				0.9221666666666615,
				0.9213333333333281
			]
		}
	},
	"Cnn": {
		"0": {
			"test_loss": 0.2143662220890401,
			"test_acc": 0.9331999999999928,
			"val_losses": [
				1.8716920973857243,
				1.1066224289437134,
				0.7249397136333088,
				0.5850091524794698,
				0.4917899847853308,
				0.5549229600746185,
				0.40289293869398535,
				0.48474592123335847,
				0.41491163925034924,
				0.39373015488653135,
				0.35105422809215575,
				0.3359985409102713,
				0.3682801490847487,
				0.32571759784264337,
				0.2814933171372589,
				0.2969654016040537,
				0.27252134280783746,
				0.30823074867764566,
				0.2600842014904871,
				0.2501502767301281
			],
			"val_accs": [
				0.4111666666666663,
				0.6315833333333347,
				0.7591666666666647,
				0.8071666666666608,
				0.8396666666666592,
				0.8160833333333267,
				0.8762499999999922,
				0.8569166666666581,
				0.8694166666666602,
				0.8862499999999924,
				0.8976666666666603,
				0.9038333333333264,
				0.8952499999999931,
				0.9054166666666602,
				0.917416666666662,
				0.9111666666666604,
				0.9181666666666611,
				0.9104166666666612,
				0.9237499999999951,
				0.9233333333333272
			]
		},
		"0.1": {
			"test_loss": 0.1149852470493206,
			"test_acc": 0.9643999999999956,
			"val_losses": [
				0.22333654632772473,
				0.21792471845600328,
				0.20744626632387128,
				0.19159619139997328,
				0.1896270877137431,
				0.17858812971646937,
				0.17233024766705057,
				0.17132928898924243,
				0.1646614411351402,
				0.160083201760123,
				0.16167814578194034,
				0.16243920779917972,
				0.1615528568829662,
				0.15931471173541165,
				0.1509662388573876,
				0.1502771917629434,
				0.15101377338575428,
				0.1476725311341943,
				0.14526717761947414,
				0.14346006286541524
			],
			"val_accs": [
				0.9319999999999955,
				0.9359999999999971,
				0.9396666666666624,
				0.9434999999999972,
				0.9450833333333301,
				0.947916666666664,
				0.9502499999999972,
				0.950916666666664,
				0.9526666666666644,
				0.953833333333331,
				0.953499999999997,
				0.954166666666664,
				0.9535833333333305,
				0.9554166666666636,
				0.9565833333333309,
				0.9565833333333309,
				0.9569999999999982,
				0.958333333333331,
				0.9579166666666648,
				0.9582499999999973
			]
		},
		"0.2": {
			"test_loss": 0.09067110337122722,
			"test_acc": 0.9727999999999964,
			"val_losses": [
				0.14506135671996162,
				0.14187098903290463,
				0.13722435075186998,
				0.13422511522345304,
				0.13316327769001873,
				0.13581083213425396,
				0.1315768814068906,
				0.13199981998641305,
				0.13086067720902064,
				0.12927273755707575,
				0.1263880382303008,
				0.12570231341668964,
				0.12343296102552206,
				0.12237796514084039,
				0.12041275535944805,
				0.11808155291554916,
				0.11806564665534097,
				0.11649775724489397,
				0.11676691189843344,
				0.11546566562284473
			],
			"val_accs": [
				0.9579999999999971,
				0.9599166666666639,
				0.9616666666666656,
				0.9619166666666648,
				0.9620833333333314,
				0.9620833333333314,
				0.962916666666665,
				0.9622499999999974,
				0.9638333333333319,
				0.9638333333333318,
				0.9644999999999986,
				0.9646666666666657,
				0.9651666666666656,
				0.9651666666666644,
				0.965666666666666,
				0.9649166666666643,
				0.9661666666666654,
				0.9659999999999975,
				0.9661666666666652,
				0.9665833333333325
			]
		},
		"0.5": {
			"test_loss": 0.07901308532345319,
			"test_acc": 0.9765999999999969,