{
	"Net": {
		"1": {
			"test_loss": 1.071005713403225,
			"test_acc": 0.7550999999999994,
			"val_losses": [
				2.300208020011584,
				2.2996167933940885,
				2.298117467959722,
				2.2955328806241355,
				2.2907954623301823,
				2.2736813380320866,
				2.2368259859085082,
				2.2104183872540792,
				2.1255255752801894,
				2.0746288961172104,
				1.9822017601132393,
				1.8382464850942293,
				1.7461829739809036,
				1.6720753198862075,
				1.5527083920439084,
				1.4250763842463494,
				1.3663174167772134,
				1.237867866506179,
				1.1749025824666024,
				1.0911658104260762
			],
			"val_accs": [
				0.19191666666666551,
				0.3283333333333334,
				0.40324999999999944,
				0.38516666666666666,
				0.4097499999999995,
				0.4500833333333333,
				0.4785833333333331,
				0.5444166666666682,
				0.5833333333333358,
				0.6209166666666693,
				0.6400833333333352,
				0.6565000000000016,
				0.6719166666666685,
				0.6837500000000002,
				0.69225,
				0.7026666666666687,
				0.7126666666666687,
				0.7286666666666661,
				0.7362499999999993,
				0.7464999999999985
			]
		},
		"3": {
			"test_loss": 0.34503191737644373,
			"test_acc": 0.9055999999999925,
			"val_losses": [
				2.2939255664745968,
				2.262482475042343,
				2.2009039213260015,
				2.1137700931231183,
				2.0292253066102663,
				1.7886172167460124,
				1.5155479383468629,
				1.4663173044721285,
				1.1897057258089383,
				1.101997073739767,
				0.9435625783602397,
				0.7897343832999468,
				0.6876156264543534,
				0.6277435256292423,
				0.5447000834221641,
				0.47037004215021927,
				0.451283672178785,
				0.4153456405115624,
				0.39685931265198937,
				0.37440538617782293
			],
			"val_accs": [
				0.187499999999999,
				0.6695000000000016,
				0.819083333333328,
				0.8523333333333257,
				0.8619166666666594,
				0.8695833333333259,
				0.8734999999999926,
				0.8757499999999927,
				0.8784999999999926,
				0.8804166666666595,
				0.8814166666666584,
				0.8852499999999935,
				0.8866666666666593,
				0.8882499999999934,
				0.890083333333326,
				0.8918333333333269,
				0.892499999999993,
				0.8937499999999923,
				0.8952499999999937,
				0.8964999999999935
			]
		},
		"5": {
			"test_loss": 0.2611862743473612,
			"test_acc": 0.9210999999999929,
			"val_losses": [
				2.2883531175057095,
				2.2388869416713715,
				2.1476596663395564,
				2.0196766097346943,
				1.907455734014511,
				1.584935405353705,
				1.2277098765472572,
				1.1781382808089256,
				0.8752576894313097,
				0.7910301367193461,
				0.6434074623386065,
				0.5219913683459163,
				0.452788003621002,
				0.41383722689623637,
				0.3678044560737908,
				0.3285238099237904,
				0.319764036356161,
				0.3048559079047603,
				0.29784888062781345,
				0.29070276049509025
			],
			"val_accs": [
				0.5051666666666667,
				0.8504166666666596,
				0.8780833333333258,
				0.8863333333333262,
				0.8921666666666596,
				0.8934999999999926,
				0.8948333333333274,
				0.8969166666666606,
				0.8987499999999934,
				0.8994999999999934,
				0.901333333333327,
				0.9036666666666595,
				0.9057499999999936,
				0.9059166666666605,
				0.90691666666666,
				0.9087499999999935,
				0.9094166666666603,
				0.9105833333333276,
				0.9113333333333272,
				0.9119166666666607
			]
		},
		"10": {
			"test_loss": 0.2469009283820633,
			"test_acc": 0.9246999999999921,
			"val_losses": [
				2.28523251414299,
				2.216537071466446,
				2.090535107254982,
				1.9226693982879322,
				1.777586704691251,
				1.375098415017128,
				0.9808532810211181,
				0.9344649522006512,
				0.6462351232767105,
				0.5784615748127302,
				0.46812571639815964,
				0.38743192015836636,
				0.3459590740905454,
				0.32504676380660386,
				0.30282663261828324,
				0.2877446587360464,
				0.28384766083676366,
				0.2796752247342374,
				0.2776748450557352,
				0.2778673782767146
			],
			"val_accs": [
				0.5720000000000017,
				0.8904166666666602,
				0.8979999999999924,
				0.9014999999999935,
				0.9013333333333267,
				0.901999999999993,
				0.9032499999999937,
				0.9044999999999933,
				0.9059166666666596,
				0.9064166666666595,
				0.9074166666666612,
				0.9096666666666603,
				0.9105833333333275,
				0.9111666666666616,
				0.9119166666666606,
				0.9129166666666603,
				0.913666666666662,
				0.9142499999999942,
				0.9153333333333283,
				0.9160833333333284
			]
		},
		"15": {
			"test_loss": 0.2443392012572149,
			"test_acc": 0.9273999999999921,
			"val_losses": [
				2.284066828687986,
				2.2089516727129617,
				2.07187830944856,
				1.890992818772793,
				1.737647690574328,
				1.3135614433387914,
				0.9107670065263908,
				0.8662070119380951,
				0.5882223960384727,
				0.5259792516256372,
				0.42708733718221387,
				0.35771699603336554,
				0.3234464901840935,
				0.3065228402800858,
				0.2896721580779801,
				0.2803979861996292,
				0.27807060882410345,
				0.2762640173708011,
				0.2750947606639238,
				0.27698644264950417
			],
			"val_accs": [
				0.6285000000000022,
				0.8975833333333261,
				0.9020833333333258,
				0.9029999999999935,
				0.9029999999999918,
				0.9040833333333271,
				0.905166666666662,
				0.9059166666666602,
				0.9075833333333269,
				0.90866666666666,
				0.9102499999999929,
				0.9118333333333265,
				0.9124166666666601,
				0.913333333333328,
				0.9141666666666605,
				0.9150833333333276,
				0.9154999999999944,
				0.9165833333333272,
				0.916833333333327,
				0.9180833333333275
			]
		}
	},
	"Cnn": {
		"1": {
			"test_loss": 2.300958254098892,
			"test_acc": 0.11349999999999967,
			"val_losses": [
				2.3024243156115216,
				2.3023832058906555,
				2.302224968870481,
				2.3021705796321235,
				2.302103624343872,
				2.3019753748178484,
				2.301763900319735,
				2.301767982641856,
				2.301594444712003,
				2.3015738556782406,
				2.3014748547474544,
				2.3013403433561326,
				2.3012954288721086,
				2.301224935054779,
				2.301161032120387,
				2.301049273610115,
				2.300995088815689,
				2.3009004193544387,
				2.3008338324228923,
				2.300733591715495
			],
			"val_accs": [
				0.10241666666666607,
				0.10683333333333285,
				0.10683333333333264,
				0.11324999999999924,
				0.11324999999999924,
				0.11324999999999927,
				0.1132499999999993,
				0.11324999999999939,
				0.11324999999999923,
				0.11324999999999909,
				0.11324999999999934,
				0.11324999999999924,
				0.11324999999999927,
				0.1132499999999993,
				0.1132499999999993,
				0.11324999999999923,
				0.1132499999999993,
				0.11324999999999917,
				0.11324999999999949,
				0.1132499999999993
			]
		},
		"3": {
			"test_loss": 0.9491867890357971,
			"test_acc": 0.9430999999999935,
			"val_losses": [
				2.302276941339175,
				2.30215179502964,
				2.301887357433637,
				2.301811811129252,
				2.301702660123507,
				2.301506609718005,
				2.301106931765874,
				2.300510348478953,
				2.2958373860518138,
				2.286465562184652,
				2.261224758028984,
				2.198061949412028,
				2.1360571503639223,
				2.0697337862849237,
				1.8955801596244177,
				1.6968854079643885,
				1.5724587257703144,
				1.2850066727896532,
				1.1469485466678937,
				0.9756535568833351
			],
			"val_accs": [
				0.11324999999999903,
				0.11324999999999934,
				0.11324999999999917,
				0.11324999999999943,
				0.11324999999999927,
				0.11324999999999913,
				0.1132499999999992,
				0.1132499999999992,
				0.11324999999999939,
				0.11941666666666576,
				0.3852499999999998,
				0.7238333333333317,
				0.8371666666666591,
				0.8744166666666591,
				0.9024166666666605,
				0.9146666666666609,
				0.9227499999999949,
				0.929083333333329,
				0.9355833333333277,
				0.9395833333333298
			]
		},
		"5": {
			"test_loss": 0.1118315144132357,
			"test_acc": 0.9661999999999955,